-- phpMyAdmin SQL Dump
-- version 5.2.1
-- https://www.phpmyadmin.net/
--
-- Host: 127.0.0.1
-- Waktu pembuatan: 09 Jan 2025 pada 19.43
-- Versi server: 10.4.32-MariaDB
-- Versi PHP: 8.2.12

SET SQL_MODE = "NO_AUTO_VALUE_ON_ZERO";
START TRANSACTION;
SET time_zone = "+00:00";


/*!40101 SET @OLD_CHARACTER_SET_CLIENT=@@CHARACTER_SET_CLIENT */;
/*!40101 SET @OLD_CHARACTER_SET_RESULTS=@@CHARACTER_SET_RESULTS */;
/*!40101 SET @OLD_COLLATION_CONNECTION=@@COLLATION_CONNECTION */;
/*!40101 SET NAMES utf8mb4 */;

--
-- Database: `db_kmeans`
--

-- --------------------------------------------------------

--
-- Struktur dari tabel `tbl_centroids`
--

CREATE TABLE `tbl_centroids` (
  `id` int(11) NOT NULL,
  `iterasi_ke` int(11) NOT NULL,
  `cluster` int(11) NOT NULL,
  `x` double(10,6) DEFAULT NULL,
  `y` double(10,6) DEFAULT NULL,
  `waktu_tanggal` timestamp NOT NULL DEFAULT current_timestamp()
) ENGINE=InnoDB DEFAULT CHARSET=utf8mb4 COLLATE=utf8mb4_general_ci;

--
-- Dumping data untuk tabel `tbl_centroids`
--

INSERT INTO `tbl_centroids` (`id`, `iterasi_ke`, `cluster`, `x`, `y`, `waktu_tanggal`) VALUES
(1, 1, 1, 5.000000, 15.000000, '2025-01-09 18:42:26'),
(2, 1, 2, 50.000000, 30.000000, '2025-01-09 18:42:26'),
(3, 1, 3, 28.000000, 13.000000, '2025-01-09 18:42:26'),
(4, 2, 1, 15.000000, 6.500000, '2025-01-09 18:42:26'),
(5, 2, 2, 50.000000, 21.666667, '2025-01-09 18:42:26'),
(6, 2, 3, 26.000000, 12.450000, '2025-01-09 18:42:26'),
(7, 3, 1, 18.750000, 7.875000, '2025-01-09 18:42:26'),
(8, 3, 2, 50.000000, 21.666667, '2025-01-09 18:42:26'),
(9, 3, 3, 28.571429, 14.214286, '2025-01-09 18:42:26'),
(10, 4, 1, 18.888889, 8.666667, '2025-01-09 18:42:26'),
(11, 4, 2, 50.000000, 21.666667, '2025-01-09 18:42:26'),
(12, 4, 3, 29.230769, 14.153846, '2025-01-09 18:42:26'),
(13, 5, 1, 19.500000, 8.700000, '2025-01-09 18:42:26'),
(14, 5, 2, 50.000000, 21.666667, '2025-01-09 18:42:26'),
(15, 5, 3, 29.583333, 14.583333, '2025-01-09 18:42:26'),
(16, 6, 1, 20.416667, 8.916667, '2025-01-09 18:42:26'),
(17, 6, 2, 50.000000, 21.666667, '2025-01-09 18:42:26'),
(18, 6, 3, 30.500000, 15.500000, '2025-01-09 18:42:26'),
(19, 7, 1, 20.416667, 8.916667, '2025-01-09 18:42:26'),
(20, 7, 2, 50.000000, 21.666667, '2025-01-09 18:42:26'),
(21, 7, 3, 30.500000, 15.500000, '2025-01-09 18:42:26');

-- --------------------------------------------------------

--
-- Struktur dari tabel `tbl_data`
--

CREATE TABLE `tbl_data` (
  `id` int(11) NOT NULL,
  `tahun` varchar(5) NOT NULL,
  `bulan` varchar(15) NOT NULL,
  `nama_produk` varchar(50) NOT NULL,
  `stok_produk` int(11) NOT NULL,
  `produk_terjual` int(11) NOT NULL
) ENGINE=InnoDB DEFAULT CHARSET=utf8mb4 COLLATE=utf8mb4_general_ci;

--
-- Dumping data untuk tabel `tbl_data`
--

INSERT INTO `tbl_data` (`id`, `tahun`, `bulan`, `nama_produk`, `stok_produk`, `produk_terjual`) VALUES
(1, '2024', 'JANUARI', 'PARTY HEELS 5CM', 30, 20),
(2, '2024', 'JANUARI', 'BOHO STRAP COLLECTIONS', 25, 15),
(3, '2024', 'JANUARI', 'GLASS HEELS 9CM COLLECTIONS', 30, 10),
(4, '2024', 'JANUARI', 'ANKLE STRAP', 35, 15),
(5, '2024', 'JANUARI', 'GLADIATOR SANDAL', 20, 8),
(6, '2024', 'JANUARI', 'SLIP ON SANDAL', 50, 30),
(7, '2024', 'JANUARI', 'EKSPADRILLES SANDAL', 50, 20),
(8, '2024', 'JANUARI', 'SLIPPER MULE SANDAL', 25, 10),
(9, '2024', 'JANUARI', 'FLAT SHOES', 35, 15),
(10, '2024', 'JANUARI', 'STUDDED BUCKLED SLIDE SANDAL', 25, 9),
(11, '2024', 'JANUARI', 'SLINGBACK SANDAL', 25, 15),
(12, '2024', 'JANUARI', 'SLINGBACK HEELS', 20, 6),
(13, '2024', 'FEBRUARI', 'SLIP ON FLAT RHINESTONE', 20, 10),
(14, '2024', 'FEBRUARI', 'WEDGES SANDAL', 35, 20),
(15, '2024', 'FEBRUARI', 'SLINGBACK HEELS 5CM COLLECTIONS', 15, 5),
(16, '2024', 'FEBRUARI', 'BUCKLE MULES', 30, 25),
(17, '2024', 'FEBRUARI', 'PARTY HEELS', 50, 15),
(18, '2024', 'FEBRUARI', 'BLOCK HEELS LOAFERS', 20, 10),
(19, '2024', 'FEBRUARI', 'OFFICE LOOK 3CM', 25, 10),
(20, '2024', 'FEBRUARI', 'RHINESTONE SANDAL', 20, 8),
(21, '2024', 'FEBRUARI', 'ANKL STRAP', 15, 8),
(22, '2024', 'FEBRUARI', 'GLASS HEELS 5CM', 20, 15),
(23, '2024', 'FEBRUARI', 'MULES HEELS', 30, 10),
(24, '2024', 'FEBRUARI', 'OFFICE LOOK 5CM', 30, 10),
(25, '2024', 'FEBRUARI', 'SLINGBACK', 20, 8);

-- --------------------------------------------------------

--
-- Struktur dari tabel `tbl_iterasi`
--

CREATE TABLE `tbl_iterasi` (
  `id` int(11) NOT NULL,
  `iterasi_ke` int(11) NOT NULL,
  `nama_produk` varchar(50) NOT NULL,
  `stok_produk` double(10,6) DEFAULT NULL,
  `produk_terjual` double(10,6) DEFAULT NULL,
  `jarak_c1` double(10,6) DEFAULT NULL,
  `jarak_c2` double(10,6) DEFAULT NULL,
  `jarak_c3` double(10,6) DEFAULT NULL,
  `cluster` varchar(50) NOT NULL,
  `waktu_tanggal` datetime DEFAULT current_timestamp()
) ENGINE=InnoDB DEFAULT CHARSET=utf8mb4 COLLATE=utf8mb4_general_ci;

--
-- Dumping data untuk tabel `tbl_iterasi`
--

INSERT INTO `tbl_iterasi` (`id`, `iterasi_ke`, `nama_produk`, `stok_produk`, `produk_terjual`, `jarak_c1`, `jarak_c2`, `jarak_c3`, `cluster`, `waktu_tanggal`) VALUES
(1, 1, 'PARTY HEELS 5CM', 30.000000, 20.000000, 25.495098, 22.360680, 7.280110, '3', '2025-01-10 01:42:26'),
(2, 1, 'BOHO STRAP COLLECTIONS', 25.000000, 15.000000, 20.000000, 29.154759, 3.605551, '3', '2025-01-10 01:42:26'),
(3, 1, 'GLASS HEELS 9CM COLLECTIONS', 30.000000, 10.000000, 25.495098, 28.284271, 3.605551, '3', '2025-01-10 01:42:26'),
(4, 1, 'ANKLE STRAP', 35.000000, 15.000000, 30.000000, 21.213203, 7.280110, '3', '2025-01-10 01:42:26'),
(5, 1, 'GLADIATOR SANDAL', 20.000000, 8.000000, 16.552945, 37.202150, 9.433981, '3', '2025-01-10 01:42:26'),
(6, 1, 'SLIP ON SANDAL', 50.000000, 30.000000, 47.434165, 0.000000, 27.802878, '2', '2025-01-10 01:42:26'),
(7, 1, 'EKSPADRILLES SANDAL', 50.000000, 20.000000, 45.276926, 10.000000, 23.086793, '2', '2025-01-10 01:42:26'),
(8, 1, 'SLIPPER MULE SANDAL', 25.000000, 10.000000, 20.615528, 32.015621, 4.242641, '3', '2025-01-10 01:42:26'),
(9, 1, 'FLAT SHOES', 35.000000, 15.000000, 30.000000, 21.213203, 7.280110, '3', '2025-01-10 01:42:26'),
(10, 1, 'STUDDED BUCKLED SLIDE SANDAL', 25.000000, 9.000000, 20.880613, 32.649655, 5.000000, '3', '2025-01-10 01:42:26'),
(11, 1, 'SLINGBACK SANDAL', 25.000000, 15.000000, 20.000000, 29.154759, 3.605551, '3', '2025-01-10 01:42:26'),
(12, 1, 'SLINGBACK HEELS', 20.000000, 6.000000, 17.492856, 38.418745, 10.630146, '3', '2025-01-10 01:42:26'),
(13, 1, 'SLIP ON FLAT RHINESTONE', 20.000000, 10.000000, 15.811388, 36.055513, 8.544004, '3', '2025-01-10 01:42:26'),
(14, 1, 'WEDGES SANDAL', 35.000000, 20.000000, 30.413813, 18.027756, 9.899495, '3', '2025-01-10 01:42:26'),
(15, 1, 'SLINGBACK HEELS 5CM COLLECTIONS', 15.000000, 5.000000, 14.142136, 43.011626, 15.264338, '1', '2025-01-10 01:42:26'),
(16, 1, 'BUCKLE MULES', 30.000000, 25.000000, 26.925824, 20.615528, 12.165525, '3', '2025-01-10 01:42:26'),
(17, 1, 'PARTY HEELS', 50.000000, 15.000000, 45.000000, 15.000000, 22.090722, '2', '2025-01-10 01:42:26'),
(18, 1, 'BLOCK HEELS LOAFERS', 20.000000, 10.000000, 15.811388, 36.055513, 8.544004, '3', '2025-01-10 01:42:26'),
(19, 1, 'OFFICE LOOK 3CM', 25.000000, 10.000000, 20.615528, 32.015621, 4.242641, '3', '2025-01-10 01:42:26'),
(20, 1, 'RHINESTONE SANDAL', 20.000000, 8.000000, 16.552945, 37.202150, 9.433981, '3', '2025-01-10 01:42:26'),
(21, 1, 'ANKL STRAP', 15.000000, 8.000000, 12.206556, 41.340053, 13.928388, '1', '2025-01-10 01:42:26'),
(22, 1, 'GLASS HEELS 5CM', 20.000000, 15.000000, 15.000000, 33.541020, 8.246211, '3', '2025-01-10 01:42:26'),
(23, 1, 'MULES HEELS', 30.000000, 10.000000, 25.495098, 28.284271, 3.605551, '3', '2025-01-10 01:42:26'),
(24, 1, 'OFFICE LOOK 5CM', 30.000000, 10.000000, 25.495098, 28.284271, 3.605551, '3', '2025-01-10 01:42:26'),
(25, 1, 'SLINGBACK', 20.000000, 8.000000, 16.552945, 37.202150, 9.433981, '3', '2025-01-10 01:42:26'),
(26, 2, 'PARTY HEELS 5CM', 30.000000, 20.000000, 20.180436, 20.069324, 8.544150, '3', '2025-01-10 01:42:26'),
(27, 2, 'BOHO STRAP COLLECTIONS', 25.000000, 15.000000, 13.124405, 25.873624, 2.739069, '3', '2025-01-10 01:42:26'),
(28, 2, 'GLASS HEELS 9CM COLLECTIONS', 30.000000, 10.000000, 15.402922, 23.154073, 4.690682, '3', '2025-01-10 01:42:26'),
(29, 2, 'ANKLE STRAP', 35.000000, 15.000000, 21.731314, 16.414763, 9.354277, '3', '2025-01-10 01:42:26'),
(30, 2, 'GLADIATOR SANDAL', 20.000000, 8.000000, 5.220153, 32.966313, 7.470107, '1', '2025-01-10 01:42:26'),
(31, 2, 'SLIP ON SANDAL', 50.000000, 30.000000, 42.157443, 8.333333, 29.732180, '2', '2025-01-10 01:42:26'),
(32, 2, 'EKSPADRILLES SANDAL', 50.000000, 20.000000, 37.513331, 1.666667, 25.159541, '2', '2025-01-10 01:42:26'),
(33, 2, 'SLIPPER MULE SANDAL', 25.000000, 10.000000, 10.594810, 27.588242, 2.646224, '3', '2025-01-10 01:42:26'),
(34, 2, 'FLAT SHOES', 35.000000, 15.000000, 21.731314, 16.414763, 9.354277, '3', '2025-01-10 01:42:26'),
(35, 2, 'STUDDED BUCKLED SLIDE SANDAL', 25.000000, 9.000000, 10.307764, 28.025782, 3.592005, '3', '2025-01-10 01:42:26'),
(36, 2, 'SLINGBACK SANDAL', 25.000000, 15.000000, 13.124405, 25.873624, 2.739069, '3', '2025-01-10 01:42:26'),
(37, 2, 'SLINGBACK HEELS', 20.000000, 6.000000, 5.024938, 33.844415, 8.809228, '1', '2025-01-10 01:42:26'),
(38, 2, 'SLIP ON FLAT RHINESTONE', 20.000000, 10.000000, 6.103278, 32.188680, 6.480934, '1', '2025-01-10 01:42:26'),
(39, 2, 'WEDGES SANDAL', 35.000000, 20.000000, 24.129857, 15.092309, 11.747447, '3', '2025-01-10 01:42:26'),
(40, 2, 'SLINGBACK HEELS 5CM COLLECTIONS', 15.000000, 5.000000, 1.500000, 38.765678, 13.285424, '1', '2025-01-10 01:42:26'),
(41, 2, 'BUCKLE MULES', 30.000000, 25.000000, 23.817011, 20.275875, 13.172035, '3', '2025-01-10 01:42:26'),
(42, 2, 'PARTY HEELS', 50.000000, 15.000000, 36.017357, 6.666667, 24.135089, '2', '2025-01-10 01:42:26'),
(43, 2, 'BLOCK HEELS LOAFERS', 20.000000, 10.000000, 6.103278, 32.188680, 6.480934, '1', '2025-01-10 01:42:26'),
(44, 2, 'OFFICE LOOK 3CM', 25.000000, 10.000000, 10.594810, 27.588242, 2.646224, '3', '2025-01-10 01:42:26'),
(45, 2, 'RHINESTONE SANDAL', 20.000000, 8.000000, 5.220153, 32.966313, 7.470107, '1', '2025-01-10 01:42:26'),
(46, 2, 'ANKL STRAP', 15.000000, 8.000000, 1.500000, 37.573631, 11.866023, '1', '2025-01-10 01:42:26'),
(47, 2, 'GLASS HEELS 5CM', 20.000000, 15.000000, 9.861541, 30.731815, 6.519394, '3', '2025-01-10 01:42:26'),
(48, 2, 'MULES HEELS', 30.000000, 10.000000, 15.402922, 23.154073, 4.690682, '3', '2025-01-10 01:42:26'),
(49, 2, 'OFFICE LOOK 5CM', 30.000000, 10.000000, 15.402922, 23.154073, 4.690682, '3', '2025-01-10 01:42:26'),
(50, 2, 'SLINGBACK', 20.000000, 8.000000, 5.220153, 32.966313, 7.470107, '1', '2025-01-10 01:42:26'),
(51, 3, 'PARTY HEELS 5CM', 30.000000, 20.000000, 16.540197, 20.069324, 5.959472, '3', '2025-01-10 01:42:26'),
(52, 3, 'BOHO STRAP COLLECTIONS', 25.000000, 15.000000, 9.477770, 25.873624, 3.656836, '3', '2025-01-10 01:42:26'),
(53, 3, 'GLASS HEELS 9CM COLLECTIONS', 30.000000, 10.000000, 11.448936, 23.154073, 4.449834, '3', '2025-01-10 01:42:26'),
(54, 3, 'ANKLE STRAP', 35.000000, 15.000000, 17.743397, 16.414763, 6.476409, '3', '2025-01-10 01:42:26'),
(55, 3, 'GLADIATOR SANDAL', 20.000000, 8.000000, 1.256234, 32.966313, 10.587102, '1', '2025-01-10 01:42:26'),
(56, 3, 'SLIP ON SANDAL', 50.000000, 30.000000, 38.289400, 8.333333, 26.615267, '2', '2025-01-10 01:42:26'),
(57, 3, 'EKSPADRILLES SANDAL', 50.000000, 20.000000, 33.519817, 1.666667, 22.195904, '2', '2025-01-10 01:42:26'),
(58, 3, 'SLIPPER MULE SANDAL', 25.000000, 10.000000, 6.601373, 27.588242, 5.524066, '3', '2025-01-10 01:42:26'),
(59, 3, 'FLAT SHOES', 35.000000, 15.000000, 17.743397, 16.414763, 6.476409, '3', '2025-01-10 01:42:26'),
(60, 3, 'STUDDED BUCKLED SLIDE SANDAL', 25.000000, 9.000000, 6.350443, 28.025782, 6.320117, '3', '2025-01-10 01:42:26'),
(61, 3, 'SLINGBACK SANDAL', 25.000000, 15.000000, 9.477770, 25.873624, 3.656836, '3', '2025-01-10 01:42:26'),
(62, 3, 'SLINGBACK HEELS', 20.000000, 6.000000, 2.253470, 33.844415, 11.871979, '1', '2025-01-10 01:42:26'),
(63, 3, 'SLIP ON FLAT RHINESTONE', 20.000000, 10.000000, 2.465385, 32.188680, 9.551418, '1', '2025-01-10 01:42:26'),
(64, 3, 'WEDGES SANDAL', 35.000000, 20.000000, 20.275062, 15.092309, 8.648758, '3', '2025-01-10 01:42:26'),
(65, 3, 'SLINGBACK HEELS 5CM COLLECTIONS', 15.000000, 5.000000, 4.725265, 38.765678, 16.403863, '1', '2025-01-10 01:42:26'),
(66, 3, 'BUCKLE MULES', 30.000000, 25.000000, 20.489708, 20.275875, 10.879910, '3', '2025-01-10 01:42:26'),
(67, 3, 'PARTY HEELS', 50.000000, 15.000000, 32.051960, 6.666667, 21.442971, '2', '2025-01-10 01:42:26'),
(68, 3, 'BLOCK HEELS LOAFERS', 20.000000, 10.000000, 2.465385, 32.188680, 9.551418, '1', '2025-01-10 01:42:26'),
(69, 3, 'OFFICE LOOK 3CM', 25.000000, 10.000000, 6.601373, 27.588242, 5.524066, '3', '2025-01-10 01:42:26'),
(70, 3, 'RHINESTONE SANDAL', 20.000000, 8.000000, 1.256234, 32.966313, 10.587102, '1', '2025-01-10 01:42:26'),
(71, 3, 'ANKL STRAP', 15.000000, 8.000000, 3.752083, 37.573631, 14.926521, '1', '2025-01-10 01:42:26'),
(72, 3, 'GLASS HEELS 5CM', 20.000000, 15.000000, 7.233818, 30.731815, 8.607365, '1', '2025-01-10 01:42:26'),
(73, 3, 'MULES HEELS', 30.000000, 10.000000, 11.448936, 23.154073, 4.449834, '3', '2025-01-10 01:42:26'),
(74, 3, 'OFFICE LOOK 5CM', 30.000000, 10.000000, 11.448936, 23.154073, 4.449834, '3', '2025-01-10 01:42:26'),
(75, 3, 'SLINGBACK', 20.000000, 8.000000, 1.256234, 32.966313, 10.587102, '1', '2025-01-10 01:42:26'),
(76, 4, 'PARTY HEELS 5CM', 30.000000, 20.000000, 15.871397, 20.069324, 5.896544, '3', '2025-01-10 01:42:26'),
(77, 4, 'BOHO STRAP COLLECTIONS', 25.000000, 15.000000, 8.800954, 25.873624, 4.314555, '3', '2025-01-10 01:42:26'),
(78, 4, 'GLASS HEELS 9CM COLLECTIONS', 30.000000, 10.000000, 11.190825, 23.154073, 4.224471, '3', '2025-01-10 01:42:26'),
(79, 4, 'ANKLE STRAP', 35.000000, 15.000000, 17.311239, 16.414763, 5.830952, '3', '2025-01-10 01:42:26'),
(80, 4, 'GLADIATOR SANDAL', 20.000000, 8.000000, 1.295767, 32.966313, 11.094004, '1', '2025-01-10 01:42:26'),
(81, 4, 'SLIP ON SANDAL', 50.000000, 30.000000, 37.722836, 8.333333, 26.123965, '2', '2025-01-10 01:42:26'),
(82, 4, 'EKSPADRILLES SANDAL', 50.000000, 20.000000, 33.111111, 1.666667, 21.576340, '2', '2025-01-10 01:42:26'),
(83, 4, 'SLIPPER MULE SANDAL', 25.000000, 10.000000, 6.254875, 27.588242, 5.929068, '3', '2025-01-10 01:42:26'),
(84, 4, 'FLAT SHOES', 35.000000, 15.000000, 17.311239, 16.414763, 5.830952, '3', '2025-01-10 01:42:26'),
(85, 4, 'STUDDED BUCKLED SLIDE SANDAL', 25.000000, 9.000000, 6.120195, 28.025782, 6.667949, '1', '2025-01-10 01:42:26'),
(86, 4, 'SLINGBACK SANDAL', 25.000000, 15.000000, 8.800954, 25.873624, 4.314555, '3', '2025-01-10 01:42:26'),
(87, 4, 'SLINGBACK HEELS', 20.000000, 6.000000, 2.888889, 33.844415, 12.316343, '1', '2025-01-10 01:42:26'),
(88, 4, 'SLIP ON FLAT RHINESTONE', 20.000000, 10.000000, 1.735611, 32.188680, 10.122329, '1', '2025-01-10 01:42:26'),
(89, 4, 'WEDGES SANDAL', 35.000000, 20.000000, 19.698029, 15.092309, 8.213497, '3', '2025-01-10 01:42:26'),
(90, 4, 'SLINGBACK HEELS 5CM COLLECTIONS', 15.000000, 5.000000, 5.344895, 38.765678, 16.920629, '1', '2025-01-10 01:42:26'),
(91, 4, 'BUCKLE MULES', 30.000000, 25.000000, 19.754356, 20.275875, 10.873397, '3', '2025-01-10 01:42:26'),
(92, 4, 'PARTY HEELS', 50.000000, 15.000000, 31.749210, 6.666667, 20.786460, '2', '2025-01-10 01:42:26'),
(93, 4, 'BLOCK HEELS LOAFERS', 20.000000, 10.000000, 1.735611, 32.188680, 10.122329, '1', '2025-01-10 01:42:26'),
(94, 4, 'OFFICE LOOK 3CM', 25.000000, 10.000000, 6.254875, 27.588242, 5.929068, '3', '2025-01-10 01:42:26'),
(95, 4, 'RHINESTONE SANDAL', 20.000000, 8.000000, 1.295767, 32.966313, 11.094004, '1', '2025-01-10 01:42:26'),
(96, 4, 'ANKL STRAP', 15.000000, 8.000000, 3.945618, 37.573631, 15.504342, '1', '2025-01-10 01:42:26'),
(97, 4, 'GLASS HEELS 5CM', 20.000000, 15.000000, 6.430061, 30.731815, 9.269470, '1', '2025-01-10 01:42:26'),
(98, 4, 'MULES HEELS', 30.000000, 10.000000, 11.190825, 23.154073, 4.224471, '3', '2025-01-10 01:42:26'),
(99, 4, 'OFFICE LOOK 5CM', 30.000000, 10.000000, 11.190825, 23.154073, 4.224471, '3', '2025-01-10 01:42:26'),
(100, 4, 'SLINGBACK', 20.000000, 8.000000, 1.295767, 32.966313, 11.094004, '1', '2025-01-10 01:42:26'),
(101, 5, 'PARTY HEELS 5CM', 30.000000, 20.000000, 15.425304, 20.069324, 5.432669, '3', '2025-01-10 01:42:26'),
(102, 5, 'BOHO STRAP COLLECTIONS', 25.000000, 15.000000, 8.363014, 25.873624, 4.602234, '3', '2025-01-10 01:42:26'),
(103, 5, 'GLASS HEELS 9CM COLLECTIONS', 30.000000, 10.000000, 10.580170, 23.154073, 4.602234, '3', '2025-01-10 01:42:26'),
(104, 5, 'ANKLE STRAP', 35.000000, 15.000000, 16.731408, 16.414763, 5.432669, '3', '2025-01-10 01:42:26'),
(105, 5, 'GLADIATOR SANDAL', 20.000000, 8.000000, 0.860233, 32.966313, 11.626717, '1', '2025-01-10 01:42:26'),
(106, 5, 'SLIP ON SANDAL', 50.000000, 30.000000, 37.201344, 8.333333, 25.583469, '2', '2025-01-10 01:42:26'),
(107, 5, 'EKSPADRILLES SANDAL', 50.000000, 20.000000, 32.525990, 1.666667, 21.122986, '2', '2025-01-10 01:42:26'),
(108, 5, 'SLIPPER MULE SANDAL', 25.000000, 10.000000, 5.651548, 27.588242, 6.481812, '1', '2025-01-10 01:42:26'),
(109, 5, 'FLAT SHOES', 35.000000, 15.000000, 16.731408, 16.414763, 5.432669, '3', '2025-01-10 01:42:26'),
(110, 5, 'STUDDED BUCKLED SLIDE SANDAL', 25.000000, 9.000000, 5.508176, 28.025782, 7.223611, '1', '2025-01-10 01:42:26'),
(111, 5, 'SLINGBACK SANDAL', 25.000000, 15.000000, 8.363014, 25.873624, 4.602234, '3', '2025-01-10 01:42:26'),
(112, 5, 'SLINGBACK HEELS', 20.000000, 6.000000, 2.745906, 33.844415, 12.865220, '1', '2025-01-10 01:42:26'),
(113, 5, 'SLIP ON FLAT RHINESTONE', 20.000000, 10.000000, 1.392839, 32.188680, 10.622957, '1', '2025-01-10 01:42:26'),
(114, 5, 'WEDGES SANDAL', 35.000000, 20.000000, 19.181762, 15.092309, 7.660323, '3', '2025-01-10 01:42:26'),
(115, 5, 'SLINGBACK HEELS 5CM COLLECTIONS', 15.000000, 5.000000, 5.825805, 38.765678, 17.450326, '1', '2025-01-10 01:42:26'),
(116, 5, 'BUCKLE MULES', 30.000000, 25.000000, 19.389172, 20.275875, 10.424997, '3', '2025-01-10 01:42:26'),
(117, 5, 'PARTY HEELS', 50.000000, 15.000000, 31.143860, 6.666667, 20.420918, '2', '2025-01-10 01:42:26'),
(118, 5, 'BLOCK HEELS LOAFERS', 20.000000, 10.000000, 1.392839, 32.188680, 10.622957, '1', '2025-01-10 01:42:26'),
(119, 5, 'OFFICE LOOK 3CM', 25.000000, 10.000000, 5.651548, 27.588242, 6.481812, '1', '2025-01-10 01:42:26'),
(120, 5, 'RHINESTONE SANDAL', 20.000000, 8.000000, 0.860233, 32.966313, 11.626717, '1', '2025-01-10 01:42:26'),
(121, 5, 'ANKL STRAP', 15.000000, 8.000000, 4.554119, 37.573631, 16.000434, '1', '2025-01-10 01:42:26'),
(122, 5, 'GLASS HEELS 5CM', 20.000000, 15.000000, 6.319810, 30.731815, 9.592387, '1', '2025-01-10 01:42:26'),
(123, 5, 'MULES HEELS', 30.000000, 10.000000, 10.580170, 23.154073, 4.602234, '3', '2025-01-10 01:42:26'),
(124, 5, 'OFFICE LOOK 5CM', 30.000000, 10.000000, 10.580170, 23.154073, 4.602234, '3', '2025-01-10 01:42:26'),
(125, 5, 'SLINGBACK', 20.000000, 8.000000, 0.860233, 32.966313, 11.626717, '1', '2025-01-10 01:42:26'),
(126, 6, 'PARTY HEELS 5CM', 30.000000, 20.000000, 14.651981, 20.069324, 4.527693, '3', '2025-01-10 01:42:26'),
(127, 6, 'BOHO STRAP COLLECTIONS', 25.000000, 15.000000, 7.616685, 25.873624, 5.522681, '3', '2025-01-10 01:42:26'),
(128, 6, 'GLASS HEELS 9CM COLLECTIONS', 30.000000, 10.000000, 9.644371, 23.154073, 5.522681, '3', '2025-01-10 01:42:26'),
(129, 6, 'ANKLE STRAP', 35.000000, 15.000000, 15.801283, 16.414763, 4.527693, '3', '2025-01-10 01:42:26'),
(130, 6, 'GLADIATOR SANDAL', 20.000000, 8.000000, 1.006920, 32.966313, 12.903488, '1', '2025-01-10 01:42:26'),
(131, 6, 'SLIP ON SANDAL', 50.000000, 30.000000, 36.327408, 8.333333, 24.300206, '2', '2025-01-10 01:42:26'),
(132, 6, 'EKSPADRILLES SANDAL', 50.000000, 20.000000, 31.591358, 1.666667, 20.012496, '2', '2025-01-10 01:42:26'),
(133, 6, 'SLIPPER MULE SANDAL', 25.000000, 10.000000, 4.709624, 27.588242, 7.778175, '1', '2025-01-10 01:42:26'),
(134, 6, 'FLAT SHOES', 35.000000, 15.000000, 15.801283, 16.414763, 4.527693, '3', '2025-01-10 01:42:26'),
(135, 6, 'STUDDED BUCKLED SLIDE SANDAL', 25.000000, 9.000000, 4.584091, 28.025782, 8.514693, '1', '2025-01-10 01:42:26'),
(136, 6, 'SLINGBACK SANDAL', 25.000000, 15.000000, 7.616685, 25.873624, 5.522681, '3', '2025-01-10 01:42:26'),
(137, 6, 'SLINGBACK HEELS', 20.000000, 6.000000, 2.946278, 33.844415, 14.159802, '1', '2025-01-10 01:42:26'),
(138, 6, 'SLIP ON FLAT RHINESTONE', 20.000000, 10.000000, 1.160699, 32.188680, 11.853270, '1', '2025-01-10 01:42:26'),
(139, 6, 'WEDGES SANDAL', 35.000000, 20.000000, 18.317038, 15.092309, 6.363961, '3', '2025-01-10 01:42:26'),
(140, 6, 'SLINGBACK HEELS 5CM COLLECTIONS', 15.000000, 5.000000, 6.684352, 38.765678, 18.721645, '1', '2025-01-10 01:42:26'),
(141, 6, 'BUCKLE MULES', 30.000000, 25.000000, 18.722016, 20.275875, 9.513149, '3', '2025-01-10 01:42:26'),
(142, 6, 'PARTY HEELS', 50.000000, 15.000000, 30.202327, 6.666667, 19.506409, '2', '2025-01-10 01:42:26'),
(143, 6, 'BLOCK HEELS LOAFERS', 20.000000, 10.000000, 1.160699, 32.188680, 11.853270, '1', '2025-01-10 01:42:26'),
(144, 6, 'OFFICE LOOK 3CM', 25.000000, 10.000000, 4.709624, 27.588242, 7.778175, '1', '2025-01-10 01:42:26'),
(145, 6, 'RHINESTONE SANDAL', 20.000000, 8.000000, 1.006920, 32.966313, 12.903488, '1', '2025-01-10 01:42:26'),
(146, 6, 'ANKL STRAP', 15.000000, 8.000000, 5.493683, 37.573631, 17.219175, '1', '2025-01-10 01:42:26'),
(147, 6, 'GLASS HEELS 5CM', 20.000000, 15.000000, 6.097586, 30.731815, 10.511898, '1', '2025-01-10 01:42:26'),
(148, 6, 'MULES HEELS', 30.000000, 10.000000, 9.644371, 23.154073, 5.522681, '3', '2025-01-10 01:42:26'),
(149, 6, 'OFFICE LOOK 5CM', 30.000000, 10.000000, 9.644371, 23.154073, 5.522681, '3', '2025-01-10 01:42:26'),
(150, 6, 'SLINGBACK', 20.000000, 8.000000, 1.006920, 32.966313, 12.903488, '1', '2025-01-10 01:42:26');

-- --------------------------------------------------------

--
-- Struktur dari tabel `tbl_user`
--

CREATE TABLE `tbl_user` (
  `id` int(11) NOT NULL,
  `username` varchar(50) NOT NULL,
  `password` varchar(50) NOT NULL,
  `level` varchar(50) NOT NULL
) ENGINE=InnoDB DEFAULT CHARSET=utf8mb4 COLLATE=utf8mb4_general_ci;

--
-- Dumping data untuk tabel `tbl_user`
--

INSERT INTO `tbl_user` (`id`, `username`, `password`, `level`) VALUES
(1, 'admin', 'admin', 'admin_level');

--
-- Indexes for dumped tables
--

--
-- Indeks untuk tabel `tbl_centroids`
--
ALTER TABLE `tbl_centroids`
  ADD PRIMARY KEY (`id`);

--
-- Indeks untuk tabel `tbl_data`
--
ALTER TABLE `tbl_data`
  ADD PRIMARY KEY (`id`);

--
-- Indeks untuk tabel `tbl_iterasi`
--
ALTER TABLE `tbl_iterasi`
  ADD PRIMARY KEY (`id`);

--
-- Indeks untuk tabel `tbl_user`
--
ALTER TABLE `tbl_user`
  ADD PRIMARY KEY (`id`);

--
-- AUTO_INCREMENT untuk tabel yang dibuang
--

--
-- AUTO_INCREMENT untuk tabel `tbl_centroids`
--
ALTER TABLE `tbl_centroids`
  MODIFY `id` int(11) NOT NULL AUTO_INCREMENT, AUTO_INCREMENT=22;

--
-- AUTO_INCREMENT untuk tabel `tbl_data`
--
ALTER TABLE `tbl_data`
  MODIFY `id` int(11) NOT NULL AUTO_INCREMENT, AUTO_INCREMENT=28;

--
-- AUTO_INCREMENT untuk tabel `tbl_iterasi`
--
ALTER TABLE `tbl_iterasi`
  MODIFY `id` int(11) NOT NULL AUTO_INCREMENT, AUTO_INCREMENT=151;

--
-- AUTO_INCREMENT untuk tabel `tbl_user`
--
ALTER TABLE `tbl_user`
  MODIFY `id` int(11) NOT NULL AUTO_INCREMENT, AUTO_INCREMENT=2;
COMMIT;

/*!40101 SET CHARACTER_SET_CLIENT=@OLD_CHARACTER_SET_CLIENT */;
/*!40101 SET CHARACTER_SET_RESULTS=@OLD_CHARACTER_SET_RESULTS */;
/*!40101 SET COLLATION_CONNECTION=@OLD_COLLATION_CONNECTION */;
